GeoFIPS,GeoName,Region,TableName,ComponentName,Unit,IndustryId,IndustryClassification,Description,1997,1998,1999,2000,2001,2002,2003,2004,2005,2006,2007,2008,2009,2010,2011,2012,2013,2014,2015,2016,2017
 "95000" ,"Southeast",5,SAGDP9N,"Real GDP by state","Millions of chained 2012 dollars",1,"...","All industry total",2566664.1,2685346.0,2807531.4,2876077.0,2915720.6,2982396.5,3081035.2,3219340.0,3366853.6,3456208.4,3462412.9,3437294.0,3318424.2,3382596.2,3403212.0,3431042.1,3468311.8,3522368.2,3612020.9,3671826.8,3746678.9
 "95000" ,"Southeast",5,SAGDP9N,"Real GDP by state","Millions of chained 2012 dollars",2,"..."," Private industries",2153174.7,2263015.6,2376777.2,2436621.5,2473745.7,2528754.2,2617812.6,2745399.2,2886980.6,2973456.5,2969648.3,2935765.2,2813020.7,2877417.8,2900842.7,2931688.1,2977675.3,3036223.8,3125965.9,3182881.8,3254662.4
 "95000" ,"Southeast",5,SAGDP9N,"Real GDP by state","Millions of chained 2012 dollars",3,"11","  Agriculture, forestry, fishing, and hunting",34786.6,34563.4,35718.3,41373.9,40854.5,35980.4,38492.7,41758.5,44156.0,43899.3,34510.9,33590.1,39633.8,34944.9,28870.0,30471.9,37324.9,35655.6,39228.1,38549.7,37239.0
 "95000" ,"Southeast",5,SAGDP9N,"Real GDP by state","Millions of chained 2012 dollars",4,"111-112","   Farms",28008.4,27369.0,28547.2,34592.7,32541.5,27473.4,30194.5,34067.0,37225.0,34958.7,25861.8,25364.8,32516.5,28043.1,21865.3,23207.1,30383.0,28513.3,31956.9,31196.1,(NA)
 "95000" ,"Southeast",5,SAGDP9N,"Real GDP by state","Millions of chained 2012 dollars",5,"113-115","   Forestry, fishing, and related activities",7335.9,7655.2,7720.4,7954.7,8975.8,8795.1,8796.6,8413.4,7907.1,9304.7,8549.6,8151.0,7628.2,7160.6,7003.1,7264.8,6960.5,7116.0,7380.4,7383.2,(NA)
 "95000" ,"Southeast",5,SAGDP9N,"Real GDP by state","Millions of chained 2012 dollars",6,"21","  Mining, quarrying, and oil and gas extraction",60191.2,72394.9,67990.0,60641.7,70306.9,59457.0,51980.5,50427.7,46897.4,52061.4,53335.0,49706.7,54076.6,48946.1,47518.2,44942.9,43229.3,43121.5,43658.6,39009.1,43489.4
 "95000" ,"Southeast",5,SAGDP9N,"Real GDP by state","Millions of chained 2012 dollars",7,"211","   Oil and gas extraction",29588.1,41090.4,36557.5,26646.6,31129.6,25866.2,18619.9,17766.7,15260.8,17269.1,17334.5,15012.0,22215.4,17294.2,16229.0,17538.5,16109.8,16999.1,22011.5,23073.7,(NA)
 "95000" ,"Southeast",5,SAGDP9N,"Real GDP by state","Millions of chained 2012 dollars",8,"212","   Mining (except oil and gas)",27677.6,32471.6,33104.4,32351.6,33058.2,29681.0,29618.7,28492.0,27701.1,26930.3,27713.0,25855.8,23144.3,22466.5,21910.9,18578.9,18846.3,17612.4,17173.1,15254.5,(NA)
 "95000" ,"Southeast",5,SAGDP9N,"Real GDP by state","Millions of chained 2012 dollars",9,"213","   Support activities for mining",4083.5,3830.3,3147.4,4359.2,6811.3,5246.2,5591.5,5837.7,6193.0,9058.4,9639.4,10633.9,8839.4,9289.6,9589.3,8825.5,8349.2,8403.4,5929.0,4085.9,(NA)
 "95000" ,"Southeast",5,SAGDP9N,"Real GDP by state","Millions of chained 2012 dollars",10,"22","  Utilities",54711.6,51942.7,60283.7,61022.3,51024.3,51098.1,50068.9,54429.4,51640.7,55688.7,56380.4,60273.4,58886.7,66098.9,67538.7,68299.0,66271.3,63725.7,63431.2,66945.8,65375.6
 "95000" ,"Southeast",5,SAGDP9N,"Real GDP by state","Millions of chained 2012 dollars",11,"23","  Construction",169576.6,179773.6,184548.2,189869.9,185325.0,179686.3,184669.1,197117.1,202039.0,200065.8,189448.1,163910.3,136318.2,130087.0,127400.4,125412.5,121453.5,124977.5,131767.0,138594.6,141803.2
 "95000" ,"Southeast",5,SAGDP9N,"Real GDP by state","Millions of chained 2012 dollars",12,"31-33","  Manufacturing",383330.4,386564.8,408448.9,406844.6,399636.1,402031.0,422215.2,450608.2,474567.4,492855.8,484028.3,463860.1,428041.1,448027.6,445474.7,437960.8,448801.9,448755.6,451223.4,450038.4,463257.8
 "95000" ,"Southeast",5,SAGDP9N,"Real GDP by state","Millions of chained 2012 dollars",13,"321,327-339","   Durable goods manufacturing",127366.6,131967.0,141827.1,142909.3,140309.0,144350.6,154288.0,167342.8,180316.5,199535.3,201640.0,198676.3,166743.9,183375.9,191119.5,197002.0,207186.2,209215.7,213928.7,216858.1,222612.4
 "95000" ,"Southeast",5,SAGDP9N,"Real GDP by state","Millions of chained 2012 dollars",14,"321","    Wood product manufacturing",9154.7,9101.5,9065.7,8816.8,8595.2,8570.8,8580.0,8681.6,9722.4,9726.3,9600.1,8786.2,7434.8,8387.1,9185.0,9653.8,10102.4,8934.1,9515.6,10054.2,(NA)
 "95000" ,"Southeast",5,SAGDP9N,"Real GDP by state","Millions of chained 2012 dollars",15,"327","    Nonmetallic mineral product manufacturing",12091.8,11990.7,12308.2,12277.0,12460.3,11582.9,12351.1,13249.5,13944.3,13845.4,14436.4,11644.5,9492.7,9723.8,10252.9,10717.3,11613.9,11235.5,11529.9,11548.6,(NA)
 "95000" ,"Southeast",5,SAGDP9N,"Real GDP by state","Millions of chained 2012 dollars",16,"331","    Primary metal manufacturing",10601.2,11101.3,13080.8,12452.2,12174.3,13121.2,12431.7,12867.6,12904.0,12649.7,11921.4,13212.1,10833.3,10433.5,12827.3,16331.4,16431.8,16224.3,17595.4,20605.0,(NA)
 "95000" ,"Southeast",5,SAGDP9N,"Real GDP by state","Millions of chained 2012 dollars",17,"332","    Fabricated metal product manufacturing",26690.6,25380.9,26515.5,27135.0,25259.8,25127.8,26871.5,28501.7,28946.4,30344.9,30863.4,28778.1,22654.7,23833.8,24061.2,24635.2,25308.5,25678.5,25701.5,25539.1,(NA)
 "95000" ,"Southeast",5,SAGDP9N,"Real GDP by state","Millions of chained 2012 dollars",18,"333","    Machinery manufacturing",19390.6,22474.0,21546.5,21574.8,21808.0,22999.6,24550.6,22115.0,23823.7,24404.5,24860.9,25916.9,22122.7,24933.3,26953.5,24640.4,25729.4,25005.9,24008.3,22284.6,(NA)
 "95000" ,"Southeast",5,SAGDP9N,"Real GDP by state","Millions of chained 2012 dollars",19,"334","    Computer and electronic product manufacturing",2829.6,3194.4,4262.9,5313.8,6604.7,6814.3,8951.7,11715.2,13161.7,19584.5,24383.7,27311.1,27246.1,27140.8,22197.6,23340.7,25196.7,28477.7,29691.2,30393.3,(NA)
 "95000" ,"Southeast",5,SAGDP9N,"Real GDP by state","Millions of chained 2012 dollars",20,"335","    Electrical equipment, appliance, and component manufacturing",16560.4,13404.3,14531.8,15684.5,15655.0,15199.2,15352.7,14938.0,15245.0,17573.3,16463.7,18025.8,16451.6,16497.4,16337.3,17461.4,18729.0,17239.7,19266.2,17320.4,(NA)
 "95000" ,"Southeast",5,SAGDP9N,"Real GDP by state","Millions of chained 2012 dollars",21,"3361-3363","    Motor vehicles, bodies and trailers, and parts manufacturing",16615.1,18840.5,19802.0,17361.3,16549.7,18196.5,21249.6,25594.2,28445.4,33362.7,27260.8,22207.0,9706.1,20591.8,28098.5,29984.2,31524.8,32766.7,31439.5,33415.3,(NA)
 "95000" ,"Southeast",5,SAGDP9N,"Real GDP by state","Millions of chained 2012 dollars",22,"3364-3369","    Other transportation equipment manufacturing",14940.4,16099.9,17914.3,17179.7,14243.0,15662.7,14291.6,16085.4,19245.7,18970.3,22096.7,22902.6,21644.2,22741.7,22804.7,21819.5,24026.9,24666.4,25818.5,26984.6,(NA)
 "95000" ,"Southeast",5,SAGDP9N,"Real GDP by state","Millions of chained 2012 dollars",23,"337","    Furniture and related product manufacturing",11693.2,11893.8,12283.7,12588.6,11076.2,10845.3,10466.9,11209.2,11404.9,11588.1,10147.8,8301.9,6192.9,6179.1,6063.3,5970.7,6564.9,7036.9,7700.6,7859.6,(NA)
 "95000" ,"Southeast",5,SAGDP9N,"Real GDP by state","Millions of chained 2012 dollars",24,"339","    Miscellaneous manufacturing",9326.2,9268.2,9803.6,10069.1,9580.6,9821.2,9898.3,10402.4,10961.5,12048.2,12303.6,12749.3,13511.4,12942.2,12550.5,12447.4,11929.6,12291.5,12426.3,12272.3,(NA)
 "95000" ,"Southeast",5,SAGDP9N,"Real GDP by state","Millions of chained 2012 dollars",25,"311-316,322-326","   Nondurable goods manufacturing",273312.2,268989.0,279950.3,276035.3,271244.5,267792.9,277038.3,291543.7,300923.1,295263.1,282309.9,263558.0,263487.5,265477.8,254528.2,240958.8,241568.5,239452.0,237116.2,232881.0,240357.2
 "95000" ,"Southeast",5,SAGDP9N,"Real GDP by state","Millions of chained 2012 dollars",26,"311-312","    Food and beverage and tobacco products manufacturing",74401.9,78176.0,81434.7,82694.9,84987.6,75611.8,78230.1,82003.1,82232.6,88551.0,86525.4,78737.5,83291.1,80254.7,78021.5,75924.2,75894.9,72806.8,72857.3,70931.3,(NA)
 "95000" ,"Southeast",5,SAGDP9N,"Real GDP by state","Millions of chained 2012 dollars",27,"313-314","    Textile mills and textile product mills",19587.4,19325.8,19741.2,20074.0,17687.9,17283.1,14473.5,17603.4,17007.7,15986.0,14940.5,13441.7,10324.9,10261.7,9350.0,9859.4,10437.3,10487.7,9893.2,9998.7,(NA)
 "95000" ,"Southeast",5,SAGDP9N,"Real GDP by state","Millions of chained 2012 dollars",28,"315-316","    Apparel, leather, and allied product manufacturing",8684.9,7353.9,6370.4,5855.5,4727.7,4900.4,4276.8,4223.8,3892.6,3433.6,2453.6,2486.9,1927.3,2034.6,1851.4,1559.6,1644.9,1475.0,1446.4,1261.6,(NA)
 "95000" ,"Southeast",5,SAGDP9N,"Real GDP by state","Millions of chained 2012 dollars",29,"322","    Paper manufacturing",25718.5,23776.4,24413.2,24271.7,21865.2,22231.1,21623.2,23805.5,23536.2,25601.4,24630.4,22619.0,23265.4,21547.1,20668.6,21314.4,21625.1,22152.5,21717.2,20996.7,(NA)
 "95000" ,"Southeast",5,SAGDP9N,"Real GDP by state","Millions of chained 2012 dollars",30,"323","    Printing and related support activities",6666.3,6684.7,6609.5,6880.2,6897.6,7562.8,7592.1,7658.7,7736.4,8087.7,8267.7,8272.8,6940.5,7163.9,7203.4,7168.1,7376.2,7444.3,7222.7,7165.3,(NA)
 "95000" ,"Southeast",5,SAGDP9N,"Real GDP by state","Millions of chained 2012 dollars",31,"324","    Petroleum and coal products manufacturing",30378.5,33819.2,35141.6,28484.5,34774.7,36026.5,66545.7,74243.9,92863.7,73513.8,53336.8,53949.6,49465.1,50929.6,33512.4,33032.1,33052.3,42499.4,39830.4,38334.9,(NA)
 "95000" ,"Southeast",5,SAGDP9N,"Real GDP by state","Millions of chained 2012 dollars",32,"325","    Chemical manufacturing",68309.6,63858.1,68614.0,64336.0,63494.2,69475.7,66324.5,64870.7,64547.3,66888.4,75067.0,70131.6,72673.7,78075.6,85071.9,74102.2,73652.9,66644.4,65564.5,64879.2,(NA)
 "95000" ,"Southeast",5,SAGDP9N,"Real GDP by state","Millions of chained 2012 dollars",33,"326","    Plastics and rubber products manufacturing",17095.5,17317.2,19060.5,20397.0,19582.6,19322.9,20714.0,21809.4,21479.9,19808.7,20007.1,17616.7,17741.9,18351.7,18915.6,17998.9,17886.8,17846.8,19882.8,20288.8,(NA)
 "95000" ,"Southeast",5,SAGDP9N,"Real GDP by state","Millions of chained 2012 dollars",34,"42","  Wholesale trade",148364.9,163462.3,169867.7,177936.4,182622.0,186513.0,198101.1,209603.5,220782.5,227577.7,233297.6,230348.5,200656.3,210304.7,209527.1,215867.9,221799.7,230301.2,238982.7,240234.5,246540.4
 "95000" ,"Southeast",5,SAGDP9N,"Real GDP by state","Millions of chained 2012 dollars",35,"44-45","  Retail trade",163758.0,181859.1,188508.4,192081.8,198344.7,206918.3,218641.1,222882.4,235358.3,241077.1,233086.0,223799.2,211630.3,215869.6,214361.6,216061.4,222252.5,225731.5,233133.2,243805.8,251732.0
 "95000" ,"Southeast",5,SAGDP9N,"Real GDP by state","Millions of chained 2012 dollars",36,"48-49","  Transportation and warehousing",93686.5,100190.3,100394.8,99820.2,91130.6,90311.5,93355.9,100171.6,105775.8,113617.8,113074.2,111902.9,105755.0,109028.9,110897.6,111110.8,114035.7,115764.4,116291.8,117656.2,120168.5
 "95000" ,"Southeast",5,SAGDP9N,"Real GDP by state","Millions of chained 2012 dollars",37,"481","   Air transportation",22555.5,21764.4,21145.6,17255.2,11386.5,11918.3,13138.3,15110.1,15800.9,16982.9,19587.6,18870.5,18916.8,21273.2,22066.3,21138.2,22327.3,22967.7,24014.5,26153.1,(NA)
 "95000" ,"Southeast",5,SAGDP9N,"Real GDP by state","Millions of chained 2012 dollars",38,"482","   Rail transportation",8235.5,8595.8,8978.3,9498.8,8719.0,8265.4,8899.0,9125.3,8997.0,9032.5,8779.0,8759.5,7912.1,7809.4,7891.4,8190.2,7890.2,8051.5,8109.4,7420.2,(NA)
 "95000" ,"Southeast",5,SAGDP9N,"Real GDP by state","Millions of chained 2012 dollars",39,"483","   Water transportation",1700.6,1690.0,1497.3,1651.2,1703.2,1313.7,1363.6,1598.9,2047.7,3643.9,4471.2,5570.3,7120.2,5948.1,6380.5,6607.0,8201.8,8168.7,6473.9,5436.0,(NA)
 "95000" ,"Southeast",5,SAGDP9N,"Real GDP by state","Millions of chained 2012 dollars",40,"484","   Truck transportation",28732.0,30544.2,32330.5,33139.7,31377.5,30379.8,30936.3,32217.5,33135.2,34381.9,33836.0,30956.1,27646.7,29293.7,30192.8,29949.2,29757.4,30498.9,30591.5,30298.0,(NA)
 "95000" ,"Southeast",5,SAGDP9N,"Real GDP by state","Millions of chained 2012 dollars",41,"485","   Transit and ground passenger transportation",3299.8,3591.6,3881.7,4052.5,3950.7,3787.0,4105.1,4364.1,4298.2,4361.7,4287.9,4292.3,3946.4,3930.3,4113.1,4340.6,4541.6,4822.8,4696.6,4264.8,(NA)
 "95000" ,"Southeast",5,SAGDP9N,"Real GDP by state","Millions of chained 2012 dollars",42,"486","   Pipeline transportation",1231.8,2315.3,2440.9,1701.6,1774.0,1892.8,2025.2,2002.0,2032.6,1962.8,2119.5,2522.4,2373.0,2515.6,2418.3,2610.2,2806.2,2545.6,2586.8,2584.2,(NA)
 "95000" ,"Southeast",5,SAGDP9N,"Real GDP by state","Millions of chained 2012 dollars",43,"487-488, 492","   Other transportation and support activities",26726.2,29397.9,27947.0,29758.6,30205.9,31215.9,30824.3,32147.3,34098.2,36091.3,32273.5,32336.4,28734.9,29080.8,27953.6,26972.8,26482.6,26074.3,25979.7,26539.2,(NA)
 "95000" ,"Southeast",5,SAGDP9N,"Real GDP by state","Millions of chained 2012 dollars",44,"493","   Warehousing and storage",5620.6,6612.7,6441.7,6789.5,6465.6,6474.2,6847.2,7930.1,9126.5,9534.2,9075.6,9367.8,9106.3,9424.3,9983.3,11302.4,12084.1,12771.7,14228.3,15509.8,(NA)
 "95000" ,"Southeast",5,SAGDP9N,"Real GDP by state","Millions of chained 2012 dollars",45,"51","  Information",63277.6,71098.6,76909.9,78764.3,86226.6,96104.6,99048.6,114081.0,124144.2,128680.9,132889.9,134386.9,131242.6,134802.0,132925.6,128400.4,136237.9,140500.0,155988.8,170736.6,183000.3
 "95000" ,"Southeast",5,SAGDP9N,"Real GDP by state","Millions of chained 2012 dollars",46,"511","   Publishing industries (except Internet)",14765.6,15517.5,19034.1,15764.8,15234.0,18672.0,20087.9,24831.3,26568.0,24379.6,28678.8,26442.6,24031.5,25570.1,25811.2,26411.5,26030.0,26468.0,27963.0,30514.5,(NA)
 "95000" ,"Southeast",5,SAGDP9N,"Real GDP by state","Millions of chained 2012 dollars",47,"512","   Motion picture and sound recording industries",2320.1,3037.8,3993.5,3483.9,4007.5,4476.7,4313.9,5343.3,4283.9,4856.8,6164.9,6302.1,7047.1,7113.6,6583.5,6564.0,7505.8,7429.0,8656.5,9258.5,(NA)
 "95000" ,"Southeast",5,SAGDP9N,"Real GDP by state","Millions of chained 2012 dollars",48,"515, 517","   Broadcasting (except Internet) and telecommunications",39980.7,44971.4,48086.4,54266.8,57593.4,59415.9,61220.5,68882.5,79256.7,83403.5,86518.2,87009.4,85181.1,85242.0,82315.2,78812.2,84590.0,85805.4,93750.3,99864.8,(NA)
 "95000" ,"Southeast",5,SAGDP9N,"Real GDP by state","Millions of chained 2012 dollars",49,"518, 519","   Data processing, hosting, and other information services",6692.5,7889.9,6458.7,4492.8,8673.5,13659.5,13650.2,15606.1,14286.8,15986.2,11557.9,14619.0,14928.0,16861.2,18206.6,16612.7,18130.3,20844.6,25723.1,31119.3,(NA)
 "95000" ,"Southeast",5,SAGDP9N,"Real GDP by state","Millions of chained 2012 dollars",50,"52, 53","  Finance, insurance, real estate, rental, and leasing",392594.4,411588.7,441408.4,458231.3,488899.8,504681.4,511586.7,516913.9,560033.1,571688.5,580776.2,585526.0,587302.5,592096.1,608732.6,622691.5,626284.1,640433.5,656579.2,662196.7,663301.8
 "95000" ,"Southeast",5,SAGDP9N,"Real GDP by state","Millions of chained 2012 dollars",51,"52","   Finance and insurance",112447.4,124669.4,136339.9,144002.3,157448.0,165728.3,169014.0,163120.8,182103.2,186715.8,179286.1,173971.9,181025.3,178188.5,185818.1,192383.4,188262.5,199296.9,202135.7,200287.7,197794.8
 "95000" ,"Southeast",5,SAGDP9N,"Real GDP by state","Millions of chained 2012 dollars",52,"521-522","    Monetary Authorities- central bank, credit intermediation, and related services",55598.1,63415.3,72778.2,73191.0,82657.7,90954.7,92991.3,86946.7,97127.2,97227.1,89316.0,94288.5,92756.3,88281.4,97104.4,101584.1,94876.0,96387.8,94965.7,90182.9,(NA)
 "95000" ,"Southeast",5,SAGDP9N,"Real GDP by state","Millions of chained 2012 dollars",53,"523","    Securities, commodity contracts, and other financial investments and related activities",10869.0,11516.2,11962.2,15048.0,20018.6,19138.2,17137.3,16719.1,19440.6,20329.1,16618.3,8666.1,22257.0,21385.0,17326.8,22089.9,22828.3,18176.1,18144.2,21424.8,(NA)
 "95000" ,"Southeast",5,SAGDP9N,"Real GDP by state","Millions of chained 2012 dollars",54,"524","    Insurance carriers and related activities",43619.6,46527.9,47854.4,53131.1,51851.8,51839.5,53567.0,54736.3,59545.2,64121.1,68582.3,66140.9,63234.9,64271.1,66533.6,65940.0,66672.1,79906.7,86752.8,88090.0,(NA)
 "95000" ,"Southeast",5,SAGDP9N,"Real GDP by state","Millions of chained 2012 dollars",55,"525","    Funds, trusts, and other financial vehicles",2113.3,3127.6,3522.9,2545.9,2820.5,3191.6,4391.6,3998.3,5280.0,4331.8,4513.3,4564.5,3302.3,4669.4,5100.6,2769.5,4117.4,6985.2,4100.8,2654.1,(NA)
 "95000" ,"Southeast",5,SAGDP9N,"Real GDP by state","Millions of chained 2012 dollars",56,"53","   Real estate and rental and leasing",281277.2,287220.9,305152.0,314165.1,331216.1,338632.1,342223.4,353682.1,377642.5,384659.9,401347.8,411433.7,406427.0,413780.1,422875.8,430308.0,438088.9,440922.7,454360.7,462134.5,466040.4
 "95000" ,"Southeast",5,SAGDP9N,"Real GDP by state","Millions of chained 2012 dollars",57,"531","    Real estate",248570.7,250126.8,264925.1,273243.9,287347.7,295666.3,298915.3,311503.7,337334.7,343394.1,363862.5,373528.3,373264.3,380633.6,389718.4,393743.5,399679.3,401490.9,408332.6,413044.7,(NA)
 "95000" ,"Southeast",5,SAGDP9N,"Real GDP by state","Millions of chained 2012 dollars",58,"532-533","    Rental and leasing services and lessors of nonfinancial intangible assets",33502.6,37958.7,41191.2,41893.6,44928.9,43894.5,44236.1,42921.6,40750.9,41731.7,37611.2,38009.0,33170.0,33151.3,33163.1,36564.5,38415.6,39454.8,46391.2,49739.4,(NA)
 "95000" ,"Southeast",5,SAGDP9N,"Real GDP by state","Millions of chained 2012 dollars",59,"54, 55, 56","  Professional and business services",236488.1,250954.5,264598.4,276337.0,290379.6,302082.5,319661.9,331864.1,351929.3,361349.6,369415.6,379136.3,361953.8,379934.2,392061.7,407997.8,413629.9,429264.7,442613.2,453450.0,473021.2
 "95000" ,"Southeast",5,SAGDP9N,"Real GDP by state","Millions of chained 2012 dollars",60,"54","   Professional, scientific, and technical services",126569.7,135607.2,142450.2,146692.6,155595.6,165068.5,173478.2,184867.9,193186.2,202551.8,207000.6,219033.3,211882.8,219439.0,226913.1,233668.8,234867.7,242389.0,251072.4,258421.7,267569.0
 "95000" ,"Southeast",5,SAGDP9N,"Real GDP by state","Millions of chained 2012 dollars",61,"5411","    Legal services",39606.1,42506.0,43128.1,44142.3,46031.5,47862.8,52019.5,53634.0,51495.9,51441.8,48799.2,49292.8,43344.6,40382.5,40240.5,39596.9,38974.6,38523.4,37931.4,38844.4,(NA)
 "95000" ,"Southeast",5,SAGDP9N,"Real GDP by state","Millions of chained 2012 dollars",62,"5415","    Computer systems design and related services",10771.5,13439.3,15855.2,15898.9,17156.6,18220.6,21136.0,24363.1,27485.5,30268.0,34530.6,37342.8,41120.5,45504.1,49584.9,53758.0,55184.9,56434.9,60646.7,66262.8,(NA)
 "95000" ,"Southeast",5,SAGDP9N,"Real GDP by state","Millions of chained 2012 dollars",63,"5412-5414, 5416-5419","    Miscellaneous professional, scientific, and technical services",84048.6,86307.5,88580.6,92183.2,97853.1,104528.0,105386.3,111194.9,117520.1,123708.5,125585.7,134111.4,128142.8,133764.0,137148.6,140314.0,140733.9,147530.6,152873.4,154040.5,(NA)
 "95000" ,"Southeast",5,SAGDP9N,"Real GDP by state","Millions of chained 2012 dollars",64,"55","   Management of companies and enterprises",45986.3,46591.5,47869.9,49068.3,54183.3,55887.8,58118.7,55126.9,56420.4,54962.8,53573.8,53856.1,51432.1,54142.1,55791.9,61482.6,63166.2,66652.7,68518.2,69839.5,74923.4
 "95000" ,"Southeast",5,SAGDP9N,"Real GDP by state","Millions of chained 2012 dollars",65,"56","   Administrative and support and waste management and remediation services",66074.0,70381.1,75572.1,81530.9,82448.0,83155.1,89828.2,92720.6,102762.9,103995.9,108822.6,106247.9,98678.9,106353.4,109359.4,112846.4,115596.4,120241.2,123056.0,125244.9,130684.8
 "95000" ,"Southeast",5,SAGDP9N,"Real GDP by state","Millions of chained 2012 dollars",66,"561","    Administrative and support services",58813.1,62829.0,67291.1,73434.6,74106.4,74648.6,81045.9,84342.5,93616.8,95488.7,99473.1,97132.9,89633.1,95098.5,99906.0,103892.7,106940.8,111275.0,113143.9,114694.0,(NA)
 "95000" ,"Southeast",5,SAGDP9N,"Real GDP by state","Millions of chained 2012 dollars",67,"562","    Waste management and remediation services",7413.5,7685.4,8455.6,8133.1,8403.2,8581.0,8822.3,8361.7,9113.8,8383.3,9273.9,9039.9,9020.0,11291.0,9456.5,8953.7,8658.2,8969.7,9895.8,10518.7,(NA)
 "95000" ,"Southeast",5,SAGDP9N,"Real GDP by state","Millions of chained 2012 dollars",68,"61, 62","  Educational services, health care, and social assistance",187803.7,189412.1,195635.7,202532.1,208561.3,216976.9,226705.4,239270.6,246066.8,256614.3,260048.8,276687.4,287055.4,289600.5,293949.3,298739.2,302584.6,308327.9,320206.4,327446.2,332715.8
 "95000" ,"Southeast",5,SAGDP9N,"Real GDP by state","Millions of chained 2012 dollars",69,"61","   Educational services",22199.9,21992.1,23622.9,24635.9,25780.2,26073.8,27451.5,29770.8,29586.7,30181.7,31269.3,33498.3,36571.4,37604.5,37744.6,37456.6,36289.9,36540.1,37090.8,37549.4,36272.5
 "95000" ,"Southeast",5,SAGDP9N,"Real GDP by state","Millions of chained 2012 dollars",70,"62","   Health care and social assistance",165475.2,167217.1,171956.2,177864.1,182806.2,190822.3,199196.7,209529.7,216415.6,226318.8,228703.4,243119.1,250478.0,252012.9,256211.8,261282.6,266312.4,271819.1,283188.5,289993.1,296663.9
 "95000" ,"Southeast",5,SAGDP9N,"Real GDP by state","Millions of chained 2012 dollars",71,"621","    Ambulatory health care services",82633.1,82663.1,84340.3,88449.8,91549.1,95985.1,100274.4,106145.6,110892.3,116952.9,116792.7,124745.5,127702.9,128716.5,132326.7,135470.3,140237.8,144204.7,151831.0,158962.8,(NA)
 "95000" ,"Southeast",5,SAGDP9N,"Real GDP by state","Millions of chained 2012 dollars",72,"622","    Hospitals",51884.8,53051.3,55051.0,56035.1,56850.6,59165.0,61434.9,64714.8,65905.6,68325.6,69918.1,74691.1,79176.3,79211.1,80325.8,81893.0,81693.8,82711.8,86497.2,86504.2,(NA)
 "95000" ,"Southeast",5,SAGDP9N,"Real GDP by state","Millions of chained 2012 dollars",73,"623","    Nursing and residential care facilities",20145.6,20178.0,20639.0,20789.1,21108.5,21984.7,22799.5,23470.1,23619.7,24424.3,24791.0,25979.1,26066.1,26448.8,26558.7,26569.1,26835.6,27228.6,27200.0,26973.4,(NA)
 "95000" ,"Southeast",5,SAGDP9N,"Real GDP by state","Millions of chained 2012 dollars",74,"624","    Social assistance",11031.0,11668.9,12372.4,12847.5,13471.6,13827.9,14828.2,15286.9,16027.5,16619.0,17225.9,17715.9,17555.6,17654.3,17001.2,17350.3,17561.8,17714.3,17765.2,17889.2,(NA)
 "95000" ,"Southeast",5,SAGDP9N,"Real GDP by state","Millions of chained 2012 dollars",75,"71, 72","  Arts, entertainment, recreation, accommodation, and food services",109985.9,113799.1,119995.4,125538.9,120929.1,123392.2,128508.2,137240.2,139751.6,143405.3,143678.1,139151.0,131225.3,137558.5,142042.9,142998.6,144003.4,148299.7,151796.3,152508.9,154599.1
 "95000" ,"Southeast",5,SAGDP9N,"Real GDP by state","Millions of chained 2012 dollars",76,"71","   Arts, entertainment, and recreation",27464.6,27132.6,28203.8,28974.9,26623.8,26998.4,27913.6,29263.1,29748.9,30975.2,31741.1,32382.2,31505.2,33334.7,34351.9,35034.0,34133.3,35360.6,35045.2,35114.8,36160.9
 "95000" ,"Southeast",5,SAGDP9N,"Real GDP by state","Millions of chained 2012 dollars",77,"711-712","    Performing arts, spectator sports, museums, and related activities",11023.9,12040.3,12319.6,12988.6,12634.8,13158.7,14043.0,13980.2,13992.6,15035.8,14844.4,15536.2,15671.2,16367.7,17575.5,18491.6,18120.8,18675.7,18289.0,17893.1,(NA)
 "95000" ,"Southeast",5,SAGDP9N,"Real GDP by state","Millions of chained 2012 dollars",78,"713","    Amusement, gambling, and recreation industries",16217.5,15036.7,15800.4,15934.1,13998.6,13876.3,13941.1,15313.5,15779.7,15972.4,16927.6,16873.9,15853.0,16992.4,16782.3,16542.4,16012.4,16685.1,16757.4,17226.9,(NA)
 "95000" ,"Southeast",5,SAGDP9N,"Real GDP by state","Millions of chained 2012 dollars",79,"72","   Accommodation and food services",82435.1,86642.1,91786.9,96592.9,94414.3,96513.8,100731.8,108163.4,110196.0,112597.2,112059.0,106804.7,99726.3,104226.3,107694.3,107964.6,109861.8,112934.4,116718.5,117358.4,118425.2
 "95000" ,"Southeast",5,SAGDP9N,"Real GDP by state","Millions of chained 2012 dollars",80,"721","    Accommodation",25779.1,27067.4,28529.6,30379.1,27622.7,28391.5,28665.7,30377.3,30315.3,30664.2,31872.0,29851.8,26644.6,27969.7,29272.1,28798.7,30242.9,31235.4,32990.3,33307.7,(NA)
 "95000" ,"Southeast",5,SAGDP9N,"Real GDP by state","Millions of chained 2012 dollars",81,"722","    Food services and drinking places",56282.6,59185.0,62860.9,65751.7,66618.3,67926.6,71955.9,77702.9,79859.3,81949.3,80023.5,76864.3,73081.6,76255.6,78419.9,79165.9,79621.0,81700.9,83730.8,84055.5,(NA)
 "95000" ,"Southeast",5,SAGDP9N,"Real GDP by state","Millions of chained 2012 dollars",82,"81","  Other services (except government and government enterprises)",89633.9,95045.1,95228.2,96845.9,87814.6,90161.9,88682.8,90591.1,91375.4,92496.3,90620.3,87296.8,82059.0,80883.6,79505.5,80733.6,79886.6,81553.5,82265.2,81811.6,81901.0
 "95000" ,"Southeast",5,SAGDP9N,"Real GDP by state","Millions of chained 2012 dollars",83,"..."," Government and government enterprises",419253.8,426274.8,432905.4,441359.4,443379.0,455270.5,464381.4,474391.9,479351.4,481691.7,492060.6,501145.2,505325.8,505111.5,502347.1,499354.0,490727.1,486441.4,486676.6,489726.4,493004.3
 "95000" ,"Southeast",5,SAGDP9N,"Real GDP by state","Millions of chained 2012 dollars",84,"...","  Federal civilian",83019.3,84415.3,84522.2,86284.1,83320.2,86971.4,87605.8,90063.3,89684.1,90426.0,91705.0,92829.3,95907.5,97714.8,98097.8,98004.5,96747.6,99016.5,102492.7,104183.4,(NA)
 "95000" ,"Southeast",5,SAGDP9N,"Real GDP by state","Millions of chained 2012 dollars",85,"...","  Military",52734.4,52308.3,52248.2,52922.0,54060.0,57075.9,61494.1,63380.0,66464.0,67006.8,68138.9,71838.1,73374.3,74088.6,72773.1,71431.0,68934.9,65985.2,64244.3,62610.2,(NA)
 "95000" ,"Southeast",5,SAGDP9N,"Real GDP by state","Millions of chained 2012 dollars",86,"...","  State and local",283623.2,289740.0,296398.3,302427.7,306307.6,311497.4,315480.9,321101.5,323311.5,324345.5,332340.9,336552.8,336068.3,333304.8,331473.0,329918.5,325031.2,321453.9,320029.2,322971.2,(NA)
 "95000" ,"Southeast",5,SAGDP9N,"Real GDP by state","Millions of chained 2012 dollars",87,"11, 21","Natural resources and mining",90867.7,98362.2,97233.1,98945.8,106080.3,91478.6,88278.6,90675.3,89786.1,95097.1,87891.8,83185.7,93170.9,83514.4,76482.4,75414.8,80636.5,78845.7,83169.6,78139.6,80973.1
 "95000" ,"Southeast",5,SAGDP9N,"Real GDP by state","Millions of chained 2012 dollars",88,"42, 44-45","Trade",312701.1,346010.4,359073.3,370530.7,381551.3,394273.4,417570.5,432903.3,456607.2,469077.7,466313.2,453863.9,412308.0,426173.6,423886.8,431929.3,444051.9,456041.7,472124.3,484036.9,498254.6
 "95000" ,"Southeast",5,SAGDP9N,"Real GDP by state","Millions of chained 2012 dollars",89,"...","Transportation and utilities",147895.7,151192.1,159896.2,160026.0,141491.0,140750.5,142784.3,153915.1,156603.1,168444.2,168649.9,171545.7,164173.6,175097.9,178422.8,179409.8,180293.5,179398.2,179617.7,184468.4,185472.4
 "95000" ,"Southeast",5,SAGDP9N,"Real GDP by state","Millions of chained 2012 dollars",90,"...","Private goods-producing industries 2/",641731.1,658464.0,687145.9,690591.2,683784.7,671590.8,696034.5,739994.1,768906.6,790159.7,763380.3,711509.9,656918.1,661738.5,649348.9,638788.1,650808.8,652717.0,666332.6,669436.7,688457.2
 "95000" ,"Southeast",5,SAGDP9N,"Real GDP by state","Millions of chained 2012 dollars",91,"...","Private services-providing industries 3/",1519903.3,1612372.5,1697553.5,1753174.4,1795899.0,1860987.2,1925805.1,2010452.3,2122766.4,2188051.8,2209942.8,2226227.8,2156956.3,2216102.3,2251564.5,2292900.0,2326872.9,2383470.0,2459541.6,2513131.1,2565988.1
"Note: See the included footnote file."
"SAGDP9N: Real GDP by state 1/"
"Last updated: November 14, 2018; revised statistics for 1997-2017."
"Source: U.S. Department of Commerce / Bureau of Economic Analysis / Regional Economic Accounts"
