GeoFIPS,GeoName,Region,TableName,LineCode,IndustryClassification,Description,Unit,1998:Q1,1998:Q2,1998:Q3,1998:Q4,1999:Q1,1999:Q2,1999:Q3,1999:Q4,2000:Q1,2000:Q2,2000:Q3,2000:Q4,2001:Q1,2001:Q2,2001:Q3,2001:Q4,2002:Q1,2002:Q2,2002:Q3,2002:Q4,2003:Q1,2003:Q2,2003:Q3,2003:Q4,2004:Q1,2004:Q2,2004:Q3,2004:Q4,2005:Q1,2005:Q2,2005:Q3,2005:Q4,2006:Q1,2006:Q2,2006:Q3,2006:Q4,2007:Q1,2007:Q2,2007:Q3,2007:Q4,2008:Q1,2008:Q2,2008:Q3,2008:Q4,2009:Q1,2009:Q2,2009:Q3,2009:Q4,2010:Q1,2010:Q2,2010:Q3,2010:Q4,2011:Q1,2011:Q2,2011:Q3,2011:Q4,2012:Q1,2012:Q2,2012:Q3,2012:Q4,2013:Q1,2013:Q2,2013:Q3,2013:Q4,2014:Q1,2014:Q2,2014:Q3,2014:Q4,2015:Q1,2015:Q2,2015:Q3,2015:Q4,2016:Q1,2016:Q2,2016:Q3,2016:Q4,2017:Q1,2017:Q2,2017:Q3,2017:Q4,2018:Q1,2018:Q2
 "92000" ,"Mideast",2,SQINC5N,10,"...","Personal income (thousands of dollars, seasonally adjusted)","Thousands of dollars",1398234386,1427426850,1442020242,1454627182,1485584765,1491883313,1515355893,1536229061,1591139688,1619141028,1642361340,1671161924,1691855068,1691805980,1702385496,1693947248,1700321444,1717495068,1715900956,1723532960,1724294640,1748529136,1768143528,1791338572,1803762796,1835470112,1866512428,1901333232,1889749288,1917510744,1942847900,1985569112,2025345504,2053997496,2071737760,2108152152,2179622660,2188165396,2201953216,2220636916,2248503860,2281189768,2258979260,2238333512,2179219440,2221881152,2220731524,2243219624,2260407732,2303587040,2317850108,2335527596,2413029560,2423604028,2443609916,2450886220,2505314944,2530799216,2528424908,2604653800,2539109620,2565069856,2574116220,2593998780,2634759816,2660207496,2695924916,2723620496,2749382004,2791330124,2821504636,2817760380,2846125620,2857621660,2880106492,2912754564,2969381984,2992756412,3029010244,3074313112,3099074853,3127433315
 "92000" ,"Mideast",2,SQINC5N,20,"...","Population (midperiod, persons) 2/","Number of persons",(NA),(NA),(NA),(NA),(NA),(NA),(NA),(NA),(NA),(NA),(NA),(NA),(NA),(NA),(NA),(NA),(NA),(NA),(NA),(NA),(NA),(NA),(NA),(NA),(NA),(NA),(NA),(NA),(NA),(NA),(NA),(NA),(NA),(NA),(NA),(NA),(NA),(NA),(NA),(NA),(NA),(NA),(NA),(NA),(NA),(NA),(NA),(NA),48118954,48178968,48254966,48331349,48390812,48450456,48520948,48586468,48639570,48690288,48753986,48813572,48848973,48887024,48938729,48988650,49020897,49052817,49097179,49137352,49154226,49173326,49205226,49233535,49241262,49252872,49283382,49318186,49335517,49353631,49389317,49423907,49439699,49457564
 "92000" ,"Mideast",2,SQINC5N,30,"...","Per capita personal income (dollars) 3/","Dollars",(NA),(NA),(NA),(NA),(NA),(NA),(NA),(NA),(NA),(NA),(NA),(NA),(NA),(NA),(NA),(NA),(NA),(NA),(NA),(NA),(NA),(NA),(NA),(NA),(NA),(NA),(NA),(NA),(NA),(NA),(NA),(NA),(NA),(NA),(NA),(NA),(NA),(NA),(NA),(NA),(NA),(NA),(NA),(NA),(NA),(NA),(NA),(NA),46975,47813,48033,48323,49865,50022,50362,50444,51508,51977,51861,53359,51979,52469,52599,52951,53748,54231,54910,55429,55934,56765,57342,57233,57800,58019,58440,59060,60188,60639,61329,62203,62684,63235
 "92000" ,"Mideast",2,SQINC5N,35,"..."," Earnings by place of work","Thousands of dollars",1052667570,1078230018,1091974698,1105486618,1140830045,1145486185,1164502693,1176731153,1221440604,1238108484,1257994200,1290098596,1310461272,1308685572,1306599896,1311783708,1321532488,1333191800,1333501112,1335752448,1329496132,1358275600,1372958300,1394790488,1400372128,1426049044,1457727236,1467168564,1461162560,1476172056,1504441448,1525152620,1551899764,1563279616,1569472732,1604703700,1658885536,1645329600,1653545760,1668015556,1693672180,1678074876,1681777928,1676371276,1610368768,1642576676,1651650160,1681654832,1683815520,1725184232,1730859144,1733457236,1778464872,1780459684,1800586700,1786671440,1830907048,1844166340,1853298796,1893951472,1885074944,1908469376,1906166608,1923985432,1954714536,1957428980,1979714388,2002875276,2019205336,2041252740,2063080972,2063385548,2086111088,2090573372,2103299520,2125459480,2170312372,2188636328,2217465296,2246114560,2261427186,2282173521
 "92000" ,"Mideast",2,SQINC5N,36,"..."," Less: Contributions for government social insurance 4/","Thousands of dollars",113698008,116191596,117311676,118530600,121476664,121492228,122893048,123529428,128003612,128922552,131148884,134697908,136576320,136751176,136520092,137468072,139545588,140815212,140835936,140700528,141387984,144153040,145309940,147336628,148894900,151087324,154388864,154913348,156764388,158328636,161041024,162886416,166486296,167598504,167961888,171340828,177167244,175752784,176603452,178669520,183166204,182180328,183557916,184222332,176533664,180361040,180344392,181869648,183054892,185653436,184896820,183932812,170563240,170060324,171141172,169134208,172660232,173075104,174257316,178116188,200358996,203301776,203343696,205290208,210165316,209819896,211644060,214564844,216848848,219725040,222111944,223007360,223942092,224971152,226373468,228811592,233551288,235517684,238737540,241562716,244674432,246881153
 "92000" ,"Mideast",2,SQINC5N,37,"...","  Employee and self-employed contributions for government social insurance","Thousands of dollars",56636172,57967492,58578028,59197324,61132508,61168476,61973648,62157856,64306124,64758880,65746788,67632244,68675836,68663892,68583016,69030284,70254476,70926668,70957184,70953372,71104240,72663388,73287248,74381824,75040512,76160344,77875036,78269684,79373088,80256616,81662816,82596108,85082436,85630848,85785224,87526108,91286828,90290288,90751424,91639804,94398552,93650992,94394308,94754184,90979800,93130016,93231836,94056616,94215328,95554256,94984292,94474252,77276340,76939644,77468712,76619248,77428292,77822984,78466808,80215620,102758044,104432196,104435080,105302752,108373832,107905728,108656172,110003788,111645080,113077048,114318120,114794384,116410592,117142928,117939684,119189296,122536068,123601080,125367520,127001128,129002224,130143191
 "92000" ,"Mideast",2,SQINC5N,38,"...","  Employer contributions for government social insurance","Thousands of dollars",57061836,58224104,58733648,59333276,60344156,60323752,60919400,61371572,63697488,64163672,65402096,67065664,67900484,68087284,67937076,68437788,69291112,69888544,69878752,69747156,70283744,71489652,72022692,72954804,73854388,74926980,76513828,76643664,77391300,78072020,79378208,80290308,81403860,81967656,82176664,83814720,85880416,85462496,85852028,87029716,88767652,88529336,89163608,89468148,85553864,87231024,87112556,87813032,88839564,90099180,89912528,89458560,93286900,93120680,93672460,92514960,95231940,95252120,95790508,97900568,97600952,98869580,98908616,99987456,101791484,101914168,102987888,104561056,105203768,106647992,107793824,108212976,107531500,107828224,108433784,109622296,111015220,111916604,113370020,114561588,115672208,116737962
 "92000" ,"Mideast",2,SQINC5N,42,"..."," Plus: Adjustment for residence 5/","Thousands of dollars",-12782224,-13058436,-13222544,-12954508,-12860984,-13125140,-13520216,-13588604,-11898904,-11688204,-11719264,-12620056,-12880692,-12628056,-12844124,-12866392,-14278100,-14603028,-14545608,-14851848,-15183336,-15785804,-15838028,-16107680,-17291768,-17622056,-17946660,-18075140,-18909948,-19223264,-19608080,-19882396,-21918852,-22125296,-22363308,-22932076,-25048936,-24728628,-25313900,-25445776,-28554520,-27953812,-28172768,-28392928,-24035900,-25038040,-25182132,-25563028,-27930040,-28863140,-28703524,-28995216,-31350552,-31343780,-31737844,-31338096,-32678660,-32764320,-32910716,-33555524,-31089772,-31495496,-31360788,-32023476,-33721928,-33880032,-34418972,-34875560,-34572568,-35018016,-35320188,-35392552,-35591344,-35875240,-36028048,-36500756,-39659208,-39794416,-40505524,-41022960,-41333209,-41685580
 "92000" ,"Mideast",2,SQINC5N,45,"..."," Equals: Net earnings by place of residence","Thousands of dollars",926187338,948979986,961440478,974001510,1006492397,1010868817,1028089429,1039613121,1081538088,1097497728,1115126052,1142780632,1161004260,1159306340,1157235680,1161449244,1167708800,1177773560,1178119568,1180200072,1172924812,1198336756,1211810332,1231346180,1234185460,1257339664,1285391712,1294180076,1285488224,1298620156,1323792344,1342383808,1363494616,1373555816,1379147536,1410430796,1456669356,1444848188,1451628408,1463900260,1481951456,1467940736,1470047244,1463756016,1409799204,1437177596,1446123636,1474222156,1472830588,1510667656,1517258800,1520529208,1576551080,1579055580,1597707684,1586199136,1625568156,1638326916,1646130764,1682279760,1653626176,1673672104,1671462124,1686671748,1710827292,1713729052,1733651356,1753434872,1767783920,1786509684,1805648840,1804985636,1826577652,1829726980,1840898004,1860147132,1897101876,1913324228,1938222232,1963528884,1975419545,1993606788
 "92000" ,"Mideast",2,SQINC5N,46,"..."," Plus: Dividends, interest, and rent 6/","Thousands of dollars",274930760,279910616,281701232,279165900,274788000,276524304,279764484,286523760,296621324,303529944,307054800,307837264,307623640,303868624,298734932,292995016,286229368,286854764,282769716,286307448,292152892,289021444,290871960,294636684,296516120,301962784,304300180,326625468,319872636,331368156,333646248,355462208,365421016,379409008,385891372,391273696,404532240,426822956,431242692,432155680,436270420,430755756,435005380,422593308,399199736,391339484,381114324,373081196,375079660,379229668,382240192,395757576,413847852,421066956,425891888,442072408,460696116,472150876,461799048,501041996,461776620,465689940,474295564,479490984,493198564,507945764,518037168,522998476,526211596,542796436,550809412,546600248,547669864,552090712,555892916,562190328,576451024,577772144,580417876,596609072,602086533,606812411
 "92000" ,"Mideast",2,SQINC5N,47,"..."," Plus: Personal current transfer receipts","Thousands of dollars",197116288,198536248,198878532,201459772,204304368,204490192,207501980,210092180,212980276,218113356,220180488,220544028,223227168,228631016,246414884,239502988,246383276,252866744,255011672,257025440,259216936,261170936,265461236,265355708,273061216,276167664,276820536,280527688,284388428,287522432,285409308,287723096,296429872,301032672,306698852,306447660,318421064,316494252,319082116,324580976,330281984,382493276,353926636,351984188,370220500,393364072,393493564,395916272,412497484,413689716,418351116,419240812,422630628,423481492,420010344,422614676,419050672,420321424,420495096,421332044,423706824,425707812,428358532,427836048,430733960,438532680,444236392,447187148,455386488,462024004,465046384,466174496,471878104,475803968,483315572,490417104,495829084,501660040,510370136,514175156,521568775,527014116
 "92000" ,"Mideast",2,SQINC5N,50,"..."," Wages and salaries","Thousands of dollars",771460016,790368692,799125344,807252492,830457896,831179336,844852352,852207824,891350728,899785148,914148908,937160880,945601984,938503404,931326516,932718984,935687204,943381076,941648476,940328140,937473812,959850588,969947612,987927528,988755180,1007784136,1033180696,1038059972,1039614364,1051548920,1072597732,1087979784,1114821836,1123126636,1128367100,1157265140,1207185316,1194714396,1201084492,1212932876,1243210700,1226823396,1231253076,1227532288,1155530080,1180360368,1180166740,1194647424,1187080788,1218255924,1220830584,1222910200,1254029980,1251236440,1264014812,1247431668,1278197292,1283554284,1290563908,1322464764,1307429932,1320666860,1316622552,1331398216,1369759944,1368717472,1382983916,1403824824,1419444308,1437340584,1452066984,1455101096,1459535036,1465431080,1473155860,1487503336,1510755752,1521192384,1543267864,1563998548,1572735904,1587910450
 "92000" ,"Mideast",2,SQINC5N,60,"..."," Supplements to wages and salaries","Thousands of dollars",167244108,171228168,173072560,175040136,178171292,179703600,182840620,185001140,190907312,193945992,197342732,202292572,204510196,205787376,206807580,209837136,213885508,216504348,218532748,221674848,224751484,229255392,232060980,235227632,238936156,242498864,247797492,251109376,254548204,258213284,262281240,264577744,265251652,267378376,268184184,272657828,278512512,278556620,280712436,282792232,287786188,287446920,289063436,290978100,286434792,291563876,292648588,295850760,298418568,301624468,302263616,302907028,309311388,310362040,311498776,309315960,310979628,311638352,315063096,320296300,325331868,331085436,332971188,334864592,336106468,335607368,337802796,340616124,343457060,346426856,348945460,348245464,345830964,345925112,347293296,350840392,355908124,360351048,364336564,368679804,371118961,373524848
 "92000" ,"Mideast",2,SQINC5N,61,"...","  Employer contributions for employee pension and insurance funds 7/","Thousands of dollars",110182272,113004064,114338912,115706860,117827136,119379848,121921220,123629568,127209824,129782320,131940636,135226908,136609712,137700092,138870504,141399348,144594396,146615804,148653996,151927692,154467740,157765740,160038288,162272828,165081768,167571884,171283664,174465712,177156904,180141264,182903032,184287436,183847792,185410720,186007520,188843108,192632096,193094124,194860408,195762516,199018536,198917584,199899828,201509952,200880928,204332852,205536032,208037728,209579004,211525288,212351088,213448468,216024488,217241360,217826316,216801000,215747688,216386232,219272588,222395732,227730916,232215856,234062572,234877136,234314984,233693200,234814908,236055068,238253292,239778864,241151636,240032488,238299464,238096888,238859512,241218096,244892904,248434444,250966544,254118216,255446753,256786886
 "92000" ,"Mideast",2,SQINC5N,62,"...","  Employer contributions for government social insurance","Thousands of dollars",57061836,58224104,58733648,59333276,60344156,60323752,60919400,61371572,63697488,64163672,65402096,67065664,67900484,68087284,67937076,68437788,69291112,69888544,69878752,69747156,70283744,71489652,72022692,72954804,73854388,74926980,76513828,76643664,77391300,78072020,79378208,80290308,81403860,81967656,82176664,83814720,85880416,85462496,85852028,87029716,88767652,88529336,89163608,89468148,85553864,87231024,87112556,87813032,88839564,90099180,89912528,89458560,93286900,93120680,93672460,92514960,95231940,95252120,95790508,97900568,97600952,98869580,98908616,99987456,101791484,101914168,102987888,104561056,105203768,106647992,107793824,108212976,107531500,107828224,108433784,109622296,111015220,111916604,113370020,114561588,115672208,116737962
 "92000" ,"Mideast",2,SQINC5N,70,"..."," Proprietors' income 8/","Thousands of dollars",113963446,116633158,119776794,123193990,132200857,134603249,136809721,139522189,139182564,144377344,146502560,150645144,160349092,164394792,168465800,169227588,171959776,173306376,173319888,173749460,167270836,169169620,170949708,171635328,172680792,175766044,176749048,177999216,166999992,166409852,169562476,172595092,171826276,172774604,172921448,174780732,173187708,172058584,171748832,172290448,162675292,163804560,161461416,157860888,168403896,170652432,178834832,191156648,198316164,205303840,207764944,207640008,215123504,218861204,225073112,229923812,241730128,248973704,247671792,251190408,252313144,256717080,256572868,257722624,248848124,253104140,258927676,258434328,256303968,257485300,262068528,260038988,280745088,279217180,282850364,287115752,303648496,307092896,309860868,313436208,317572321,320738223
 "92000" ,"Mideast",2,SQINC5N,71,"...","  Farm proprietors' income","Thousands of dollars",1095470,992442,967414,1120926,1428949,1159677,1037917,934389,1194488,1523800,1438668,1508212,1373936,1324296,1427732,1591760,-26428,-99172,370732,669332,1045300,1337492,1453232,1436244,2199196,2155816,1917180,2079860,2162388,2243588,2185120,1936356,1551328,1554416,1489108,1384960,1882028,1638284,1632448,1777768,2586656,2401768,1902876,1729468,1099144,1121580,1365876,1850336,1762624,2160852,2463092,2619820,3466400,3226420,3313368,3121900,3824132,3265144,3015184,3046552,4011504,4497000,4406004,3745828,3847428,4464104,4268412,4543024,2488708,2665408,2850272,2255484,1253212,1292016,1018032,654936,1899692,1953024,1633116,1575240,808052,1120076
 "92000" ,"Mideast",2,SQINC5N,72,"...","  Nonfarm proprietors' income","Thousands of dollars",112867976,115640716,118809380,122073064,130771908,133443572,135771804,138587800,137988076,142853544,145063892,149136932,158975156,163070496,167038068,167635828,171986204,173405548,172949156,173080128,166225536,167832128,169496476,170199084,170481596,173610228,174831868,175919356,164837604,164166264,167377356,170658736,170274948,171220188,171432340,173395772,171305680,170420300,170116384,170512680,160088636,161402792,159558540,156131420,167304752,169530852,177468956,189306312,196553540,203142988,205301852,205020188,211657104,215634784,221759744,226801912,237905996,245708560,244656608,248143856,248301640,252220080,252166864,253976796,245000696,248640036,254659264,253891304,253815260,254819892,259218256,257783504,279491876,277925164,281832332,286460816,301748804,305139872,308227752,311860968,316764269,319618147
 "92000" ,"Mideast",2,SQINC5N,81,"111-112"," Farm earnings","Thousands of dollars",2368234,2270014,2235366,2372390,2600817,2308849,2191737,2114621,2469796,2854336,2817872,2924712,2762468,2735556,2849400,3010956,1733924,1640000,2089376,2367156,2610224,2899796,3031040,3047720,3731040,3724504,3511048,3688020,3480708,3558264,3490288,3226372,2990676,2999532,2967576,2925212,3617264,3448108,3494444,3667100,4334468,4151608,3654140,3482588,2743264,2760896,2995292,3463164,3407516,3773548,4037716,4149264,4818708,4573924,4699252,4590932,5659416,5195652,4996036,5032744,5981656,6448864,6357008,5710796,5898884,6531468,6335512,6592524,4269684,4429088,4612776,4032640,3199044,3266036,3018968,2683072,3760080,3837308,3540096,3505020,2752717,3078028
 "92000" ,"Mideast",2,SQINC5N,82,"..."," Nonfarm earnings","Thousands of dollars",1050299336,1075960004,1089739332,1103114228,1138229228,1143177336,1162310956,1174616532,1218970808,1235254148,1255176328,1287173884,1307698804,1305950016,1303750496,1308772752,1319798564,1331551800,1331411736,1333385292,1326885908,1355375804,1369927260,1391742768,1396641088,1422324540,1454216188,1463480544,1457681852,1472613792,1500951160,1521926248,1548909088,1560280084,1566505156,1601778488,1655268272,1641881492,1650051316,1664348456,1689337712,1673923268,1678123788,1672888688,1607625504,1639815780,1648654868,1678191668,1680408004,1721410684,1726821428,1729307972,1773646164,1775885760,1795887448,1782080508,1825247632,1838970688,1848302760,1888918728,1879093288,1902020512,1899809600,1918274636,1948815652,1950897512,1973378876,1996282752,2014935652,2036823652,2058468196,2059352908,2082912044,2087307336,2100280552,2122776408,2166552292,2184799020,2213925200,2242609540,2258674469,2279095493
 "92000" ,"Mideast",2,SQINC5N,90,"113-814","  Private nonfarm earnings","Thousands of dollars",869192396,891662552,904287920,915255668,949121620,950191260,966240920,976281704,1017852448,1032561972,1050262384,1079219376,1098035872,1093423200,1089441044,1088623028,1096079352,1105576612,1102116840,1100858904,1089510332,1116773496,1128549168,1149739028,1148501908,1170804096,1199804004,1203923020,1199339264,1210307304,1233889228,1251953412,1281536692,1286710380,1291057648,1321570496,1372342400,1355757392,1361765724,1374243224,1394563896,1375596632,1377540132,1367695228,1301681908,1329277112,1336975772,1360880908,1360241392,1397735152,1403336232,1403962280,1451568856,1450059420,1470931360,1462484720,1505035812,1520059656,1525881212,1564820696,1546896588,1568554124,1565508084,1580945536,1612368160,1612961140,1631429020,1653629068,1669967932,1691569616,1710641948,1710371728,1735545240,1737917924,1747073456,1767467908,1809915156,1824284884,1853006348,1878855560,1890037334,1908801270
 "92000" ,"Mideast",2,SQINC5N,100,"113-115","   Forestry, fishing, and related activities","Thousands of dollars",793620,828976,838596,849764,828320,835928,841716,862424,899596,911604,996020,1134976,863460,975216,1030400,1068564,(D),(D),(D),(D),947692,952400,981148,1022480,1089604,1116304,1112532,1128796,809452,919528,1214628,1633276,1366544,1235784,1210240,1225016,1006100,1002064,985444,918104,(D),(D),(D),(D),(D),(D),(D),(D),(D),(D),(D),(D),(D),(D),(D),(D),(D),(D),(D),(D),(D),(D),(D),(D),(D),(D),(D),(D),(D),(D),(D),(D),(D),(D),(D),(D),(D),(D),(D),(D),(D),(D)
 "92000" ,"Mideast",2,SQINC5N,200,"21","   Mining, quarrying, and oil and gas extraction","Thousands of dollars",2624392,2709500,2803844,2831540,2828232,2781604,2719848,2737232,2779972,2722844,2831248,2853452,2751840,2858516,2997456,2859156,(D),(D),(D),(D),2594820,2771360,2810604,2977080,2928944,3123692,3234112,3406560,3317640,3415300,3640360,3664032,4286332,4301004,4235568,4179500,3871000,3931216,4375132,4400540,(D),(D),(D),(D),(D),(D),(D),(D),(D),(D),(D),(D),(D),(D),(D),(D),(D),(D),(D),(D),(D),(D),(D),(D),(D),(D),(D),(D),(D),(D),(D),(D),(D),(D),(D),(D),(D),(D),(D),(D),(D),(D)
 "92000" ,"Mideast",2,SQINC5N,300,"22","   Utilities","Thousands of dollars",8179940,8331528,8083140,8178020,8206532,8363092,8320032,8438352,8876060,8650488,8709436,9387960,(D),(D),(D),(D),(D),(D),(D),(D),10811520,10651656,10680944,10862956,12374716,12312048,12031384,11934712,11574848,11196040,11156068,11394984,11917456,11849128,12081408,12079296,12198864,12080488,12358356,12093748,13153448,13183324,12984616,13150032,12560512,12412828,12091980,12010140,12381460,12226044,11954076,12012624,13088812,13229916,12926812,12680268,12306504,12269624,12455268,12960264,13056604,13500580,13533000,13467972,14326488,14532904,14647164,14895876,16024672,15849252,16052616,15497052,15484152,15024060,14659536,15349612,15376008,15919976,15367624,16025304,16280353,16414329
 "92000" ,"Mideast",2,SQINC5N,400,"23","   Construction","Thousands of dollars",50603016,50931748,53154008,54750604,57188036,58675264,59812024,61949212,65202728,66338740,65945584,66905552,69891112,70669456,70118420,70944888,72691912,72307664,72693656,72809680,72722452,73807456,74986964,77246812,75770280,77836892,79498816,78328024,78374524,79685804,81717700,82831960,88999828,88091388,86281248,86717064,88035416,89215924,88681920,89351000,89903984,88623328,86431400,84505288,79491352,77925696,79552816,79918776,79486076,81912644,81391524,79996204,80703300,81897920,82798564,84452304,88286992,86512340,86932940,89108316,91201092,91025300,91548760,92450748,93431920,98466440,100758796,101401556,100478556,104582740,105452240,106443860,108174828,107323080,106790240,109448072,(D),(D),(D),(D),(D),(D)
 "92000" ,"Mideast",2,SQINC5N,500,"31-33","   Manufacturing","Thousands of dollars",115017260,117867868,116570128,118892916,117147592,117505512,117926192,118831164,122752124,121978368,124266884,127194636,125546060,125478080,122729724,120150208,(D),(D),(D),(D),117119304,117959600,117362256,119588680,118957564,120281992,123246508,121363716,122003916,121353348,120955888,121348760,122646468,122054340,121730344,123649780,123501800,124765356,122924328,123445336,125472644,124103132,122419408,120785996,114452292,112499408,110477780,111577748,111377684,112914732,114318084,113414104,113743692,114845028,114380752,113733224,116232572,116143464,115405160,114952464,116690932,117292744,116118712,117131540,118492016,118639012,119029168,122096072,122944680,122359284,126051536,122287152,125315984,122636944,121538064,122512568,(D),(D),(D),(D),(D),(D)
 "92000" ,"Mideast",2,SQINC5N,510,"321,327-339","    Durable goods manufacturing","Thousands of dollars",63939732,66041088,64601056,66044912,64917892,64938488,65283500,66169372,68590320,67959136,69601676,69875352,70483976,70077312,67862604,66563944,(D),(D),(D),(D),64417388,64490600,64541232,65360480,65450728,65861536,68151160,66544964,67753096,67243032,67298268,67396016,68944652,69052784,68794024,69686032,69807240,70373896,69636188,69904284,70949240,70491592,69294372,68302556,64290240,62660000,61357824,62232028,60795312,62632888,63476404,63326184,63290304,64861444,64717596,64641844,65650432,65255820,65059840,64585784,65354280,64882260,65090400,64585904,64828680,65009888,65027984,66774408,67465704,68074320,69619752,67596788,67374804,67079576,66136524,67700020,(D),(D),(D),(D),(D),(D)
 "92000" ,"Mideast",2,SQINC5N,530,"311-316,322-326","    Nondurable goods manufacturing","Thousands of dollars",51077528,51826780,51969072,52848004,52229700,52567024,52642692,52661792,54161804,54019232,54665208,57319284,55062084,55400768,54867120,53586264,(D),(D),(D),(D),52701916,53469000,52821024,54228200,53506836,54420456,55095348,54818752,54250820,54110316,53657620,53952744,53701816,53001556,52936320,53963748,53694560,54391460,53288140,53541052,54523404,53611540,53125036,52483440,50162052,49839408,49119956,49345720,50582372,50281844,50841680,50087920,50453388,49983584,49663156,49091380,50582140,50887644,50345320,50366680,51336652,52410484,51028312,52545636,53663336,53629124,54001184,55321664,55478976,54284964,56431784,54690364,57941180,55557368,55401540,54812548,(D),(D),(D),(D),(D),(D)
 "92000" ,"Mideast",2,SQINC5N,600,"42","   Wholesale trade","Thousands of dollars",55521796,56733180,57478584,57501972,58402956,58406088,59236920,60047072,62854592,63887760,65702256,67211904,66654696,66530628,66240648,66053164,66232144,66687572,66292020,66950336,68003184,69563580,69707132,69935040,69163468,70599020,73642032,72852460,72802908,73068944,74638232,75907040,76420128,77473832,77546724,78374340,79801108,80980052,79691812,79978876,79345612,79326028,79684492,78287180,75738252,74324220,74134012,74428240,74479000,76183112,77381260,77402704,80128272,81278176,81485308,80760644,83480876,83382512,84693080,86560700,85053744,85809076,84851676,85996800,89037484,88035624,89424228,90731504,92454052,92876260,93020180,94093188,91883096,90694352,91034108,90921064,92792924,93568956,94430708,92634564,93706795,94189048
 "92000" ,"Mideast",2,SQINC5N,700,"44-45","   Retail trade","Thousands of dollars",67022408,68139576,68964808,70556144,71280000,72563384,73526832,75360988,76994844,77954216,78884620,78514452,78249132,77397756,76719988,77658892,79155724,79567008,80475352,81265100,81892440,82891396,83431104,85323848,83842568,84772472,86276012,86419192,85567840,86902128,88109944,88239460,89842780,89801912,89983400,90647452,91609140,91244904,89661380,89965576,88362820,87404824,86363152,85528240,83486252,84954464,86474820,87619536,87152812,89794280,90594556,90697180,92231340,93055536,93724756,94659012,95900988,94977144,95651068,96933920,97517928,97628520,97475516,97386836,98857708,100108696,100517412,101638440,102555860,103522292,103909780,105115644,104547988,104044328,104998020,105778708,107441896,107175268,108564864,108502108,110546476,111351024
 "92000" ,"Mideast",2,SQINC5N,800,"48-49","   Transportation and warehousing","Thousands of dollars",31611708,31998052,32809948,33810032,33599152,33808824,34367808,35109964,35637588,36352308,36580120,37165064,(D),(D),(D),(D),(D),(D),(D),(D),37989224,38299220,38780116,39604248,39345868,40723740,41681264,42041884,41631468,41900388,42433528,42725020,43061944,43536960,44213448,45170500,48124412,49397424,48738948,48191832,47659128,46290880,46086480,46673480,44924368,45380772,46066100,47521168,47578468,48749852,49812764,50237028,51550920,52088844,52919076,53108344,54366744,54825892,54559332,54517932,54745668,55734936,55825852,57428836,57034364,58751160,59409548,60125268,64557888,65365060,66620652,67052880,66563808,66045636,67531332,68488496,69650136,70566844,71240932,71501412,72978702,73531082
 "92000" ,"Mideast",2,SQINC5N,900,"51","   Information","Thousands of dollars",44275124,45367032,45739396,46006888,47633976,48103928,49043540,49964500,52620992,53851124,55945456,56732288,(D),(D),(D),(D),58632864,59203348,58793680,57990216,57224100,58096692,59197444,59652360,61261548,60364448,61054504,60763824,60221068,59629820,60138996,60297844,54422576,54522932,55078440,56022232,62288596,64653404,65855240,67327712,74857116,75095156,74770832,73163476,72554652,74370012,73720396,75077468,74619252,74303676,75380584,72709312,74351508,74459296,76085168,78458208,79316240,82959912,84607932,87933244,84788524,87359736,88296736,87332232,90282168,88387628,87661728,88420632,89602720,90968840,93452684,92526064,95795316,98036244,96543584,100353740,99394932,100131312,101043940,103360860,104905437,104219589
 "92000" ,"Mideast",2,SQINC5N,1000,"52","   Finance and insurance","Thousands of dollars",109956264,114772824,115548056,111856144,131469936,123517900,129170388,121588460,138156352,140211044,141982236,156877508,167828704,156940416,158371892,157969112,149255764,153263040,146937312,142195552,131475264,144346604,146570444,149175880,146218968,148432516,154537484,159745344,155925872,157601744,164954952,171961260,184639380,180109468,179257108,188675016,214268348,190781548,193710516,192645100,200681788,178689256,181003788,174539084,153835552,174906768,178151228,183242604,184598728,200928920,188218724,187115060,208801136,193256736,200872252,190125812,187205320,202272352,199171916,216403880,195557460,202732428,197958276,201139284,209685736,197643376,198026676,202055852,198910668,204393412,202956700,197404488,211907152,214441364,216669740,212390112,224706044,224936892,233321516,248499332,234162610,233202543
 "92000" ,"Mideast",2,SQINC5N,1100,"53","   Real estate and rental and leasing","Thousands of dollars",24684720,25623152,26113500,26818044,28698496,28930164,29761708,30157800,30684736,30958180,31102152,31975184,33584788,33978108,34919812,34109236,34545044,35504664,35292476,36074388,34095156,35245660,36608184,35809424,33847620,36011652,36027212,35368536,33236932,34361436,34341904,33829316,33206068,33155100,32939660,33450164,30110464,29419356,28076436,28070760,23957388,24393988,24305304,23306520,22384044,23241032,23668316,25064912,26344504,27329460,28389792,29078876,29700856,30656536,31797216,32690252,37404728,38174416,38948092,41570312,44109816,45609608,46368288,46376632,45811940,46061916,47187144,48797792,52348144,54370968,55112716,54870860,58287212,59587732,60256360,61761408,64823520,64271632,65170228,66022836,67033988,66934660
 "92000" ,"Mideast",2,SQINC5N,1200,"54","   Professional, scientific, and technical services","Thousands of dollars",106129436,110175384,113632080,116134632,119111632,121266792,122922184,127065016,128316696,132311860,136864712,139913360,141247824,141213088,140541608,139149140,139850568,140825660,139410160,139135164,139478308,141510744,141766804,143794380,144404016,148628388,152496516,154900836,155026008,156600364,160781024,163761112,167737620,170355064,172684712,178624508,184130408,185388824,189735900,196759144,202873172,206662004,207985760,205170848,196953092,195725376,194728768,194418876,194588240,195912884,199461920,202481244,207028036,211538764,214855524,212894488,221980056,220453748,220601232,226581096,225182140,225829116,224155680,227261972,234014660,235172788,242373664,244412556,249278476,251193640,255294168,255880920,257446424,257695828,257493324,262639252,267199068,268206548,273822948,274409756,277851865,284712427
 "92000" ,"Mideast",2,SQINC5N,1300,"55","   Management of companies and enterprises","Thousands of dollars",21334464,22317920,21421596,21882348,23306196,22235540,23498588,23326904,24339260,25125348,24502124,25214636,28075212,28728932,28306416,29049996,31788736,29693536,30487404,29471104,29837132,32633576,32910168,34726352,33852520,34482232,35133076,36374784,37356400,37904828,38773512,37944468,41513052,43113300,44380688,45792596,48868308,47407224,49164300,49394092,46556324,47838804,47093560,46417012,40603332,43829968,46060528,47712648,44275668,45230452,46097948,47432112,54307200,51765456,51632296,51412976,54101036,54613780,56492004,58055968,55947624,59817288,58304388,58417708,60104016,58043432,57934096,59168392,61262300,61035112,61626772,62098680,60315576,60678612,61418752,61413760,62990652,64448232,66530708,67462504,66327177,66666682
 "92000" ,"Mideast",2,SQINC5N,1400,"56","   Administrative and support and waste management and remediation services","Thousands of dollars",33436864,34339012,35718408,36273344,37441360,38132840,38840764,39730020,41939844,42595096,43071916,43538096,44456036,44213600,43524376,43620944,44592548,44909748,45342124,45545600,46240968,46168216,46681760,47786504,49191144,50312128,51638692,51607344,52347772,53382520,54233292,55122216,54479888,54957208,55800564,56840180,58367256,58500964,59000056,59355668,58558508,58613264,58411732,58486348,55201804,55742676,55764600,57302492,58922996,59030972,60250940,60841184,61509220,62509872,63510692,62726392,66417064,65172752,65403260,66442192,67607192,68064748,69314292,69790152,70737748,71882436,72621052,73789036,74434872,75706900,75991564,78152108,76822824,75939752,77000880,78417860,80664976,82631424,83730460,86050244,87112642,88218529
 "92000" ,"Mideast",2,SQINC5N,1500,"61","   Educational services","Thousands of dollars",19921488,19899792,20476272,20602460,20689160,21409632,21494264,22324656,22655260,22952236,23628072,23595192,23599896,24199800,24560884,25428692,26104296,26731112,27416840,27798216,28139476,28408440,28904752,29678244,29839620,30758984,31114488,31159416,30985496,31182968,31917812,32791680,33205988,33709000,33927536,34316856,35915228,35932236,36486296,36731612,37115012,37259552,38386768,39950484,39852032,41215616,41306972,41793020,42279748,42586816,42864296,42761716,43719020,44206092,45126768,45750088,46835768,47231336,47848212,47616280,47766848,48254104,48498156,49997096,50650328,51561120,52070832,52151784,54072244,54035976,55205720,56405744,56268632,57380724,57646264,57985348,57804160,57607512,57754780,58213788,58877077,58925061
 "92000" ,"Mideast",2,SQINC5N,1600,"62","   Health care and social assistance","Thousands of dollars",101129312,102894220,104498560,106105832,107633216,109225532,108830232,110064636,112423620,113266376,116293740,117527580,119272432,121610560,123365308,125732720,128659676,130454852,132256580,133773300,136169536,137173488,139610756,142937356,145118752,148300648,152954892,152624396,152831220,154459452,156993660,159695756,161883516,164779836,165385848,168465036,171135732,171983088,173632160,176120712,180512124,182643264,184417196,188710856,185990836,190079128,192147020,197793868,196190376,200020456,203062920,202729896,203839132,206005452,206722440,206960796,210102988,210168840,211693880,213009724,215908640,216122312,217823276,218278324,220155880,222047648,224509880,227687308,228009404,231307156,234568188,236136472,237696932,238131280,240854384,245540560,248192412,251272712,252140432,255324472,260995913,265078842
 "92000" ,"Mideast",2,SQINC5N,1700,"71","   Arts, entertainment, and recreation","Thousands of dollars",8625736,9188672,9347140,9692908,9928404,9669788,10104548,10449816,10890416,11020828,11051540,11176044,11497496,11390388,11239156,11415184,11444128,12197432,12405368,12596516,12059688,12309240,12415500,12510192,14986676,14910648,15108832,14700196,14763760,15030036,15289712,15085232,16336272,16671364,16900752,18752180,20331664,20665976,20737972,20651248,20679804,20427696,20427260,20588468,20567812,20788152,21412460,22078808,22340124,23539260,24229744,24231600,23204564,23120700,24042996,23232428,25847780,25629668,25699652,26040756,25962996,26539724,27319684,27926304,29315740,30377688,30473324,30294032,28858596,28551428,29181640,29392304,31288208,31541456,32087384,32953048,33911452,34635276,35134032,34974924,35788544,36320779
 "92000" ,"Mideast",2,SQINC5N,1800,"72","   Accommodation and food services","Thousands of dollars",30039652,30635700,31533000,32468484,32377304,32803984,33283776,34312900,35188876,36227932,36058852,35769972,(D),(D),(D),(D),33838948,34619264,35011748,35948092,34566980,35460012,36230564,37197040,35843088,36700932,37221088,37160468,36618440,37492672,37948712,38054192,38753296,39066544,39196828,39841460,40266664,40174128,40176212,40943280,41528904,41376956,41369692,41063000,38831884,39600688,40053280,40895332,40134884,41701932,42455408,42805388,43618492,44990916,45754580,46347712,48949200,49108272,49390280,49558412,50863056,51372760,51883988,52827300,52087780,53000360,53954120,54825200,54252772,55584728,56373756,57301120,57558104,58527988,59594780,59888328,61396332,61929632,62542876,63034604,63642601,64408541
 "92000" ,"Mideast",2,SQINC5N,1900,"81","   Other services (except government and government enterprises)","Thousands of dollars",38285196,38908416,39556856,40043592,41351120,41955464,42539556,43960588,44638892,45245620,45845416,46531520,43133108,43543432,43795900,43987828,46903980,47663208,48543360,49174836,48143088,48524156,48912524,49910152,50464944,51135360,51794560,52042532,53943700,54219984,54649304,55665804,56817556,57926216,58223132,58747320,58511892,58233216,57773316,57898884,57147748,56389504,56540060,57543280,55800240,56899748,56991076,58141332,58444916,59423656,60850008,60643856,61226348,61868016,62416784,62683604,65615236,65785008,66192472,66686512,65947792,66461140,66666852,67834368,68820412,70482924,71195664,71936604,73275312,73748936,73888452,74017460,74677256,74830500,75384336,75940852,76935156,77195780,77612908,78155548,79300958,80615658
 "92000" ,"Mideast",2,SQINC5N,2000,"...","  Government and government enterprises","Thousands of dollars",181106940,184297452,185451412,187858560,189107608,192986076,196070036,198334828,201118360,202692176,204913944,207954508,209662932,212526816,214309452,220149724,223719212,225975188,229294896,232526388,237375576,238602308,241378092,242003740,248139180,251520444,254412184,259557524,258342588,262306488,267061932,269972836,267372396,273569704,275447508,280207992,282925872,286124100,288285592,290105232,294773816,298326636,300583656,305193460,305943596,310538668,311679096,317310760,320166612,323675532,323485196,325345692,322077308,325826340,324956088,319595788,320211820,318911032,322421548,324098032,332196700,333466388,334301516,337329100,336447492,337936372,341949856,342653684,344967720,345254036,347826248,348981180,347366804,349389412,353207096,355308500,356637136,360514136,360918852,363753980,368637135,370294223
 "92000" ,"Mideast",2,SQINC5N,2001,"...","   Federal civilian","Thousands of dollars",41527432,41418792,41838692,42194652,42363040,43324264,43945520,44506876,45543932,46015508,45259384,45433320,45807832,46459996,47404588,48312084,49894532,51027152,52023216,53042004,54062556,54391932,55143040,55636724,56832100,57964640,58584480,59429824,60083552,60822948,61331968,62043268,62241788,62708960,63292732,63821228,64337420,65194048,65799620,66441648,66817916,67497600,68233608,68929404,70133888,71421292,72378424,73491144,74880908,78210708,77552680,77778896,79048372,79472832,79579384,79332776,79044380,78751844,78551772,78112000,77943472,77765808,76225124,78541488,78374968,79333688,80420776,81360816,81952988,82511764,83090288,83774800,84503388,85389608,86324736,86976272,87752404,88119024,88175228,88019964,88046195,88427868
 "92000" ,"Mideast",2,SQINC5N,2002,"...","   Military","Thousands of dollars",5376888,5376512,5423792,5456468,5527424,5581004,5650056,5668148,5731268,5784968,5843780,5950512,5989404,6093512,6243792,6677356,7008932,7279996,7545892,7707056,8455296,9103460,9108424,9026676,9093568,9164992,9418908,9851512,10159612,10283780,10383388,10576368,10479216,10604368,10830448,10756908,10599288,10646644,10874724,10946776,11118904,11360112,11624956,11893068,12097664,12226260,12244980,12315588,12587156,12576552,12489880,12464652,12437808,12463228,12476112,12533432,12430292,12340384,12231936,12107268,12011144,11907840,11881616,11759472,11659904,11625808,11531824,11433948,11398116,11401404,11440512,11467392,11462548,11382404,11400240,11364392,11405204,11452212,11510732,11621828,11682886,11794342
 "92000" ,"Mideast",2,SQINC5N,2010,"...","   State and local","Thousands of dollars",134202620,137502148,138188928,140207440,141217144,144080808,146474460,148159804,149843160,150891700,153810780,156570676,157865696,159973308,160661072,165160284,166815748,167668040,169725788,171777328,174857724,175106916,177126628,177340340,182213512,184390812,186408796,190276188,188099424,191199760,195346576,197353200,194651392,200256376,201324328,205629856,207989164,210283408,211611248,212716808,216836996,219468924,220725092,224370988,223712044,226891116,227055692,231504028,232698548,232888272,233442636,235102144,230591128,233890280,232900592,227729580,228737148,227818804,231637840,233878764,242242084,243792740,246194776,247028140,246412620,246976876,249997256,249858920,251616616,251340868,253295448,253738988,251400868,252617400,255482120,256967836,257479528,260942900,261232892,264112188,268908054,270072013
"Note: See the included footnote file."
"SQINC5N Personal Income by Major Component and Earnings by NAICS Industry 1/"
"Last updated: September 25, 2018-- new estimates for 2018:Q2; revised estimates for 1998:Q1-2018:Q1. "
"Source: U.S. Department of Commerce / Bureau of Economic Analysis / Regional Economic Accounts"
